{"cameraMode":{"drawMode":0,"name":"Shaded","section":"Shading Mode"},"sceneLighting":false,"audioPlay":false,"sceneViewState":{"showFog":false,"showMaterialUpdate":false,"showSkybox":false,"showFlares":false,"showImageEffects":false,"showParticleSystems":false},"in2DMode":false,"pivot":{"x":0.0569913387298584,"y":5.003796100616455,"z":-0.9990797638893127},"rotation":{"x":-0.38644394278526308,"y":0.5317192673683167,"z":-0.29659953713417055,"w":-0.692813515663147},"size":1.6839150190353394,"orthographic":false}