{"cameraMode":{"drawMode":0,"name":"Shaded","section":"Shading Mode"},"sceneLighting":true,"audioPlay":false,"sceneViewState":{"showFog":false,"showMaterialUpdate":false,"showSkybox":true,"showFlares":false,"showImageEffects":false,"showParticleSystems":false},"in2DMode":false,"pivot":{"x":-0.005217485595494509,"y":2.299999952316284,"z":-1.2499891519546509},"rotation":{"x":-0.1269271969795227,"y":0.8323686718940735,"z":-0.2132854163646698,"w":-0.4955931305885315},"size":10.0,"orthographic":false}